<?xml version="1.0" encoding="UTF-8" ?>
<!DOCTYPE mapper
PUBLIC "-//mybatis.org//DTD Mapper 3.0//EN"
"http://mybatis.org/dtd/mybatis-3-mapper.dtd">
<mapper namespace="m">
	
	<!-- 로그인 검증 -->
	<select id="loginCheck" resultType="member" parameterType="String">
		select * from pro_member where email=#{email}
	</select>
	
	<!-- 별명 중복체크 -->
	<select id="check_nickname" resultType="int" parameterType="String">
		select count(*) from pro_member where nickname=#{nickname}
	</select>
	
	<!-- 이메일 중복체크 -->
	<select id="check_email" resultType="int" parameterType="String">
		select count(*) from pro_member where email=#{email}
	</select>
	
	<!-- 회원추가 -->
	<insert id="member_insert" parameterType="member">
		insert into pro_member values(
				seq_pro_member_idx.nextVal,
				#{email},
				#{pw},
				#{name},
				#{nickname},
				#{address_postcode},
				#{address},
				#{address_detail},
				#{phone}
		)
	</insert>
	
	<!-- 회원삭제 -->
	<delete id="member_delete" parameterType="member">
		delete from pro_member where email=#{email}
	</delete>
	
	<!-- 회원수정 -->
	<update id="member_update" parameterType="member">
		update pro_member set pw=#{pw},
							  name=#{name},
							  nickname=#{nickname},
							  address_postcode=#{address_postcode},
							  address=#{address},
							  address_detail=#{address_detail},
							  phone=#{phone}
		where email=#{email}
	</update>
	
	<!-- 게시글 작성을 위한 쿼리문 -->
	<select id="member_selectOne" parameterType="int"
		resultType="member">
		select * from pro_member where member_idx = #{member_idx}
	</select>
	
</mapper>












