<?xml version="1.0" encoding="UTF-8"?>
<!DOCTYPE configuration PUBLIC "-//mybatis.org//DTD Config 3.0//EN" "HTTP://mybatis.org/dtd/mybatis-3-config.dtd">

<configuration>
	<settings>
		<setting name="cacheEnabled" value="false" />
		<setting name="useGeneratedKeys" value="true" />
		<setting name="defaultExecutorType" value="REUSE" />
	</settings>
	
	<typeAliases>
		<typeAlias type="vo.ProMemberVO" alias="member"/>
		<typeAlias type="vo.ProPhotoVO" alias="photo"/>
		<typeAlias type="vo.P_boardVO" alias="board"/>
		<typeAlias type="vo.Brand_nameVO" alias="brand"/>
		<typeAlias type="vo.Board_PhotoVO" alias="board_photo"/>
		<typeAlias type="vo.B_commentVO" alias="comment"/>
		<typeAlias type="vo.MapVO" alias="mapvo"/>
	</typeAliases>
	
	<mappers>
		<mapper resource="config/mybatis/mapper/member.xml" />
		<mapper resource="config/mybatis/mapper/photo.xml" />
		<mapper resource="config/mybatis/mapper/board.xml" />
		<mapper resource="config/mybatis/mapper/brand.xml" />
		<mapper resource="config/mybatis/mapper/board_photo.xml" />
		<mapper resource="config/mybatis/mapper/comment.xml" />
		<mapper resource="config/mybatis/mapper/map.xml" />
	</mappers>
	
</configuration>