<?xml version="1.0" encoding="UTF-8" ?>
<!DOCTYPE mapper
PUBLIC "-//mybatis.org//DTD Mapper 3.0//EN"
"http://mybatis.org/dtd/mybatis-3-mapper.dtd">
<mapper namespace="bp">
	<select id="selectList" resultType="board_photo">
		SELECT * 
		FROM BOARD_PHOTO bp
		left OUTER JOIN PRO_MEMBER pm 
		on bp.MEMBER_IDX = pm.MEMBER_IDX
		order by board_id desc
	</select>
	
	<!-- 1건의 게시물 조회 -->
	<select id="selectOne" resultType="board_photo" parameterType="java.util.Map">
		select * from board_photo where member_idx = #{member_idx} and photo_name = #{photo_name}
	</select>
	
	<!-- 게시물 1건 삭제 -->	
	<delete id="delete" parameterType="int">
		delete from board_photo where board_id = #{board_id}
	</delete>
	
	<!-- 마이페이지 나의 게시물 리스트 조회 -->
	<select id="selectMylist" resultType="board_photo" parameterType="int">
		select * from board_photo where member_idx = #{member_idx}
	</select>
	
</mapper>












