<?xml version="1.0" encoding="UTF-8" ?>
<!DOCTYPE mapper
PUBLIC "-//mybatis.org//DTD Mapper 3.0//EN"
"http://mybatis.org/dtd/mybatis-3-mapper.dtd">
<mapper namespace="m">

	<!-- 로그인 검증 -->
	<select id="loginCheck" resultType="member"
		parameterType="String">
		select * from pro_member where email=#{email}
	</select>

	<select id="check_nickname" resultType="int"
		parameterType="String">
		select count(*) from pro_member where
		nickname=#{nickname}
	</select>

	<select id="check_email" resultType="int" parameterType="String">
		select
		count(*) from pro_member where email=#{email}
	</select>

	<insert id="member_insert" parameterType="member">
		insert into pro_member
		values(
		seq_pro_member_idx.nextVal,
		#{email},
		#{pw},
		#{name},
		#{nickname},
		#{address_postcode},
		#{address},
		#{address_detail},
		#{phone}
		)
	</insert>

	<!-- 게시글 작성을 위한 쿼리문 -->
	<select id="member_selectOne" parameterType="String"
		resultType="member">
		select * from pro_member where nickname = #{nickname}
	</select>

</mapper>












